patient,MASKING_FRACTION,QSTEPS_PER_MASKED_COL,orig_to_masked,orig_to_restored,restored_masked_dist_ratio
0,0.35,100,0.0026964355924111293,0.00017370109522714568,0.06441878148916722
1,0.35,100,0.0030782361674140508,0.00011343171527644141,0.0368495817433438
2,0.35,100,0.003727059748153932,0.0002285959654150695,0.06133412954495738
3,0.35,100,0.0031586451804368294,0.00022851170040671587,0.07234484639870614
4,0.35,100,0.003159416887372875,0.00022708041257290276,0.07187415294273658
5,0.35,100,0.003525224022624393,0.0003169158768839354,0.08989949996085746
6,0.35,100,0.0021984956631113084,0.00014579377801852297,0.06631524476704939
7,0.35,100,0.003511724259641993,0.0003454211369171573,0.09836226063841688
8,0.35,100,0.003191417148501036,0.00031775781767802365,0.09956636907440009
9,0.35,100,0.0020331576106205913,6.270204732339361e-05,0.030839737655289176
10,0.35,100,0.002621897707683297,8.233171914005283e-05,0.031401575621651905
11,0.35,100,0.0026316539115509526,0.00027055314533554594,0.10280726661968129
12,0.35,100,0.0020644131664547534,0.0001973979797258414,0.09561941520884398
13,0.35,100,0.003039702692807352,0.00031634157963234596,0.10406990801465031
14,0.35,100,0.0016649701329255516,4.6339489170697816e-05,0.02783202428338687
15,0.35,100,0.003273553735076915,0.00017494848498990348,0.053442985558870906
16,0.35,100,0.0028176490507955242,9.671090731994293e-05,0.03432326225746175
17,0.35,100,0.001756665224363697,0.00022969821115555481,0.13075810232354124
18,0.35,100,0.002018214665738155,0.00010298225242184357,0.051026411694505336
19,0.35,100,0.0036292423913243284,0.0002802961612128302,0.07723269238860311
20,0.35,100,0.0034030407061974165,0.0001691338124145583,0.04970079026869759
21,0.35,100,0.0026497466849237676,0.0003602504921417584,0.13595657811045536
22,0.35,100,0.0021904821501144093,0.00012784633680112793,0.05836447322542687
23,0.35,100,0.0027283386303366473,9.465676776576745e-05,0.034693922049583645
24,0.35,100,0.0031827597629518717,7.478670456446348e-05,0.023497439371642066
25,0.35,100,0.002057295322106696,7.460465035574378e-05,0.03626346181516987
26,0.35,100,0.0028680357103462277,0.00023534648560462877,0.08205842233959418
27,0.35,100,0.003825489138517838,0.00010613201605962499,0.027743384497163983
28,0.35,100,0.002647677637751205,8.178732735421917e-05,0.03089021344142368
29,0.35,100,0.0017309350400239458,4.913637215010386e-05,0.028387184391058435
30,0.35,100,0.002372443884481402,8.300897104185497e-05,0.034988802721460405
31,0.35,100,0.002273390552482678,0.0002036735205539814,0.08959020276193098
32,0.35,100,0.0031906205840095806,0.00024009250695383353,0.07524946969787136
33,0.35,100,0.003081551011317546,0.00012164580070364218,0.03947551095434613
34,0.35,100,0.0019011793791869232,3.3966501454445255e-05,0.017866016129930728
35,0.35,100,0.0018449471589304265,4.9853302035092885e-05,0.02702153381129593
36,0.35,100,0.0031798292484193,0.0001332108060234915,0.04189244000749754
37,0.35,100,0.003029260766569231,0.00017316585781985866,0.057164394604422415
38,0.35,100,0.002130701178794986,8.451817577587195e-05,0.039666836728213126
39,0.35,100,0.0027770312262387167,0.00028861692935250587,0.10393002665058836
40,0.35,100,0.0025764245524600884,8.889571788137808e-05,0.034503520701390754
41,0.35,100,0.002405222214147856,8.372582987433558e-05,0.03481001854292234
42,0.35,100,0.0022138197301133657,6.49830499885245e-05,0.02935336111815971
43,0.35,100,0.0013047936051338684,6.50889276739947e-05,0.049884462506479516
44,0.35,100,0.0020352101724890777,6.644201132662921e-05,0.03264626534633036
45,0.35,100,0.002238631950342923,0.00011244520258636036,0.05022942809743046
46,0.35,100,0.0033371204381525844,0.00014000558930434595,0.041954011519540015
47,0.35,100,0.002270140944318514,0.00011689598410124971,0.05149283104813625
48,0.35,100,0.0037118185811817065,0.00019751601347190362,0.05321273363770429
49,0.35,100,0.0032589902670508387,0.00031411459979089967,0.09638402512786627
50,0.35,100,0.003441910786265724,0.00019463751841259684,0.056549263039954445
51,0.35,100,0.003347502245306013,0.00020524117167612446,0.061311735328608355
52,0.35,100,0.0025598655140345304,6.925125594936579e-05,0.027052693030041597
53,0.35,100,0.002725355828534079,0.00011276453995148429,0.04137607969236749
54,0.35,100,0.001952252231015379,3.658480079549568e-05,0.01873979202803507
55,0.35,100,0.0030705592641971156,0.0001814727420933186,0.059100875924884576
56,0.35,100,0.0034560020821229973,0.00013946817674910484,0.04035535090402218
57,0.35,100,0.0019660746297267395,0.0001240820229686282,0.06311155288437555
58,0.35,100,0.003424954633751764,0.000203857083744121,0.05952110481557295
59,0.35,100,0.00369325777495985,0.00021181969498525676,0.057353076306069506
60,0.35,100,0.0037076735437223335,0.0002804654378611243,0.07564458805603201
61,0.35,100,0.002074566201695573,7.553554113669283e-05,0.03641028233996897
62,0.35,100,0.0020961452305768217,0.00017339113309380844,0.08271904568658837
63,0.35,100,0.0022531813584674553,8.045658206242052e-05,0.0357079920620081
64,0.35,100,0.001925482373014398,8.708154962127258e-05,0.04522583579144581
65,0.35,100,0.0031786291957500838,0.00011940514422673658,0.03756498064838283
66,0.35,100,0.0017996013450135907,2.8920602983520168e-05,0.01607056088486184
67,0.35,100,0.003146111043951502,0.0001328271830772495,0.04221948342624904
68,0.35,100,0.0026777219707981997,0.0001872455937984154,0.06992719776004211
69,0.35,100,0.002670556442870367,0.00011570421944495295,0.0433258842942079
70,0.35,100,0.0035031088852955287,0.00016338508584682324,0.04664002495972653
71,0.35,100,0.003218241560048228,0.00011801043969944796,0.036669229918738444
72,0.35,100,0.003800145835979471,0.0001964575758202939,0.05169737802171948
73,0.35,100,0.003245956494510895,0.00031792702446457963,0.09794555934505379
74,0.35,100,0.0036962192433861066,0.00013068575592514877,0.03535660287440838
75,0.35,100,0.00139515301251931,5.66884512952905e-05,0.0406324258246949
76,0.35,100,0.0021510173878639956,3.959192613390253e-05,0.018406139512065094
77,0.35,100,0.0028412784380287665,0.00014116442870734614,0.049683419554362215
78,0.35,100,0.0023248211785500666,0.00015846209814625873,0.0681609835665243
79,0.35,100,0.0037060961486297603,0.00028111512175661236,0.07585208545130377
80,0.35,100,0.0024004233959705277,0.00013139036081277254,0.0547363273634689
81,0.35,100,0.002359191411186815,3.804449632753493e-05,0.016126074445310168
82,0.35,100,0.003374264525594626,0.00015282501139266498,0.0452913546740185
83,0.35,100,0.0024014358520392776,7.328085011000124e-05,0.030515431027554538
84,0.35,100,0.0027630003018987905,0.0001853601269757036,0.0670865388064997
85,0.35,100,0.002779762249568282,0.0001667445458947913,0.05998518251720556
86,0.35,100,0.0028572888436642313,0.00021882538078868267,0.07658497014535556
87,0.35,100,0.003458282395712154,0.0002952069480244153,0.08536230250902463
88,0.35,100,0.0025962952979311405,0.0001324652908074269,0.05102088769061899
89,0.35,100,0.0012947115519515208,6.513745712606505e-05,0.05031040082084945
90,0.35,100,0.0034240140327499407,0.0001248273819688993,0.03645644578992751
91,0.35,100,0.0017263369202003495,9.320708964173577e-05,0.05399125081036826
92,0.35,100,0.002632363640090982,0.00013152456696202485,0.04996443688816451
93,0.35,100,0.0035263083320110247,0.0002133053843684648,0.06048971453577302
94,0.35,100,0.00287354001973007,0.00012218922302263024,0.042522192899233834
95,0.35,100,0.002290521503006198,0.00023756908922848214,0.10371834052493471
96,0.35,100,0.0025433654607624166,0.00012983190487860888,0.051047286314759334
97,0.35,100,0.003174128285646268,0.0003351995188924883,0.1056036457027571
98,0.35,100,0.002074657813385691,7.525277076134924e-05,0.03627237719676874
99,0.35,100,0.0013175012750101542,0.00010618948689344545,0.08059915303886672
100,0.35,100,0.002413294703225321,0.0001008508640858339,0.04178970100545478
101,0.35,100,0.002262495638854376,0.00012991218982214605,0.05741986308885335
102,0.35,100,0.0015798901665093974,0.0001106331965450227,0.07002587831118362
103,0.35,100,0.0021277915154199268,3.165777121987688e-05,0.01487822984087288
104,0.35,100,0.0031178457894174933,0.0001481226031290249,0.04750799530617537
105,0.35,100,0.0018421591599304713,0.000162501411617117,0.08821247107836779
106,0.35,100,0.0026096008521806486,0.00021864440754006755,0.08378461685332557
107,0.35,100,0.0026526154527040696,0.00021596938331165267,0.08141752438767332
108,0.35,100,0.0020710840686801396,0.00014058770198673416,0.06788121453530753
109,0.35,100,0.002643363301965578,6.503301756448677e-05,0.024602375888372545
110,0.35,100,0.0018047732209986041,5.865756926523157e-05,0.03250135173923713
111,0.35,100,0.0028894861002406584,0.00019398497417722944,0.06713476633823326
112,0.35,100,0.002939432726959383,0.00019831502801577363,0.0674671089414301
113,0.35,100,0.0016820810124703834,4.603772176368024e-05,0.027369503265521723
114,0.35,100,0.0018656894448449905,5.081176822046771e-05,0.027234847879352916
115,0.35,100,0.0019612800988405153,0.00017467070467060635,0.0890595406407629
116,0.35,100,0.0013448389771757057,1.2854067190273554e-05,0.009558071567250647
117,0.35,100,0.0035536138129525162,0.00031347675087613257,0.08821351091487366
118,0.35,100,0.003126495953935293,0.00014191419362699108,0.04539081313966357
119,0.35,100,0.0016463789675571338,0.00010343853292249614,0.06282789987045102
120,0.35,100,0.0017527148048316792,8.507872475261061e-05,0.048541111490629014
121,0.35,100,0.001917559837960696,9.488831013505309e-05,0.049483884808500044
122,0.35,100,0.003313490724226263,0.0001370843481978223,0.041371580489283855
123,0.35,100,0.0037556430743116613,0.00013025974739040851,0.034683739858395006
124,0.35,100,0.0016930847184509284,4.235363820422797e-05,0.025015663860565127
125,0.35,100,0.0021129074961226987,5.339880018269155e-05,0.025272663512568003
126,0.35,100,0.002954131950594855,4.275121278368883e-05,0.014471666634620125
127,0.35,100,0.0017888464172203038,8.157823469831541e-05,0.04560382261607466
128,0.35,100,0.00244675889537612,0.0001615521828870399,0.06602701361067528
129,0.35,100,0.0016887198540476386,3.7537138966431126e-05,0.022228162283080617
130,0.35,100,0.0021575800249867376,0.00012411454317593146,0.05752488516697979
131,0.35,100,0.002572089729166926,0.0003695361498469784,0.14367156233179604
132,0.35,100,0.0017335711593318255,0.00011043182455469384,0.06370192764239216
133,0.35,100,0.002850955744072725,0.0001916524773530876,0.06722393981440869
134,0.35,100,0.0038891207962817895,0.00039764268076717925,0.10224487785191635
135,0.35,100,0.002694383555778847,0.00010410876181531123,0.03863917651665493
136,0.35,100,0.0037484207850817996,0.0002489940952031925,0.06642639913697919
137,0.35,100,0.004003681779367864,0.00036444897907352464,0.09102845809365674
138,0.35,100,0.0032318454376726903,0.0002927762975831764,0.09059105802844639
139,0.35,100,0.001683294257962085,7.820935472038895e-05,0.04646208133275208
140,0.35,100,0.0019118705363048705,4.1605689425905164e-05,0.021761771331189467
141,0.35,100,0.003520504930816776,0.00011708932983864867,0.03325924324482719
142,0.35,100,0.0021867688594586214,0.00021095063238597185,0.09646681745696567
143,0.35,100,0.0024534807915502985,0.00015282779763639364,0.06229019528611237
144,0.35,100,0.002424978298584608,8.277216252615291e-05,0.03413315598513385
145,0.35,100,0.0029655559034345246,0.0001675880333554713,0.05651150705383134
146,0.35,100,0.0024495637425465773,0.0001162358133153765,0.04745163854953913
147,0.35,100,0.003698204803143011,0.0001360113670985522,0.036777673043677725
148,0.35,100,0.003476373046715334,0.0002499568068159655,0.07190160648959647
149,0.35,100,0.0021030862200976984,0.00015750454827033196,0.07489210226626615
150,0.35,100,0.0033242588201768696,0.00019278338130005831,0.05799289156727006
151,0.35,100,0.0037000786899643446,0.00034494005439206503,0.09322505905824101
152,0.35,100,0.003273191048489637,0.0002638088262515801,0.08059683114840198
153,0.35,100,0.0016657082850340095,1.562812418331263e-05,0.009382269586894408
154,0.35,100,0.0012900135508235185,5.669526825626084e-05,0.04394935868702133
155,0.35,100,0.0028201744236653467,0.00019213812744103134,0.06812987375132341
156,0.35,100,0.003399136608346334,0.0002197659070111044,0.06465344948816859
157,0.35,100,0.0018103120889048647,0.00014701409752530337,0.08120925581082458
158,0.35,100,0.0021371790422879348,0.00014533144987559238,0.06800153239384629
159,0.35,100,0.0036405294350467746,0.00022711141087712624,0.06238417101940236
160,0.35,100,0.0022748027161291202,8.94178614623885e-05,0.039307963204187175
161,0.35,100,0.0018633184596480233,8.250505488329848e-05,0.0442785582121499
162,0.35,100,0.0014886157186663575,0.00027948401654743436,0.18774759196941876
163,0.35,100,0.0011638303084728896,6.339148735213328e-05,0.054467981191615375
164,0.35,100,0.002518370340429839,0.00023492932041401093,0.09328624811151201
165,0.35,100,0.00316770289399945,0.000153394634471762,0.04842456493073767
166,0.35,100,0.0021724681762879837,2.3884634960191868e-05,0.010994239280872994
167,0.35,100,0.0032837327450190626,0.00011384900568421924,0.03467060644838145
168,0.35,100,0.002313548559986354,0.00014749851870473506,0.06375423505509002
169,0.35,100,0.0030153705132752425,0.00024641847380379864,0.08172079441612076
170,0.35,100,0.003318959618339408,0.0003030617513206418,0.09131227437840121
171,0.35,100,0.00274995538811116,0.00014752806775471974,0.05364744038849705
172,0.35,100,0.001948400940212767,8.491915118195213e-05,0.043584022892474525
173,0.35,100,0.002984129477577204,0.0001745927717759388,0.058507103357220806
174,0.35,100,0.0031434665461677006,5.3646455897685605e-05,0.01706601775771646
175,0.35,100,0.0015829910475835438,0.00012383752214801608,0.07823008369949763
176,0.35,100,0.0015030800079566034,0.00013603270094937373,0.09050263474284811
177,0.35,100,0.002021933889817732,8.271120747985601e-05,0.040906979153167086
178,0.35,100,0.0015719561727972132,7.764886545566738e-05,0.04939632974467431
179,0.35,100,0.0023036809893695965,0.00010399369243185025,0.04514240162233061
180,0.35,100,0.0016616387132583914,0.00013163160047768965,0.07921794276179724
181,0.35,100,0.0021297345753272883,4.0681655885325685e-05,0.01910174927740651
182,0.35,100,0.002199103370091461,1.7263294932047904e-05,0.007850151642180387
183,0.35,100,0.0033690487809716436,0.00019784324867739244,0.05872377087408448
184,0.35,100,0.0016302499989436054,3.518686317316523e-05,0.021583722248714098
185,0.35,100,0.003621513261340811,0.00014486057737341779,0.04000001295585076
186,0.35,100,0.003220889196021993,0.0002482176208296885,0.0770649363338091
187,0.35,100,0.0018706650791728077,0.00013117110146850493,0.07012003534406473
188,0.35,100,0.0022978113410468144,0.000285271876579557,0.12414939011032805
189,0.35,100,0.0027466986890017607,2.658572592042435e-05,0.009679156300207966
190,0.35,100,0.0030122480041702903,0.0003132408871922194,0.1039890761844824
191,0.35,100,0.0037476462214190037,0.00016553682553149118,0.04417087839972594
192,0.35,100,0.0026202259087169076,0.0001605837128485438,0.06128620906858358
193,0.35,100,0.0023613052465595017,0.0001323133063409405,0.05603396957412654
194,0.35,100,0.0017783012580311543,0.00012715747418642488,0.07150502402905975
195,0.35,100,0.0028999103870201823,0.00016039806540908423,0.05531138690595956
196,0.35,100,0.001952373486442987,0.0002375093356132041,0.1216515883167008
197,0.35,100,0.003741239104959241,0.00020348130259465282,0.05438874578342933
198,0.35,100,0.0018854868026735331,1.7949241877902477e-05,0.009519685766270696
199,0.35,100,0.0029644813998232324,0.00016545164171118088,0.05581132731041811
200,0.35,100,0.0021652304661626915,8.245343529715775e-05,0.03808067389855503
201,0.35,100,0.0023359385685616184,7.253763840359954e-05,0.03105288785409517
202,0.35,100,0.003503345974886827,8.841870592317302e-05,0.025238359715822622
203,0.35,100,0.002121028179108275,0.00011825938676251345,0.05575568864541544
204,0.35,100,0.0029588710150649207,0.000202317383094316,0.06837654702223542
205,0.35,100,0.001748769240183374,9.42249491213809e-05,0.0538807219136017
206,0.35,100,0.0029336710465198775,9.27068106219115e-05,0.0316009563280405
207,0.35,100,0.0031231472991250938,0.00019437484346613548,0.06223684791318901
208,0.35,100,0.0020922926387769623,7.45552924278341e-05,0.03563330054605314
209,0.35,100,0.0030429917581410817,0.000257762588321502,0.08470696236093828
210,0.35,100,0.0031161324689918234,0.00028950914226748053,0.09290655809672518
211,0.35,100,0.0025008408192957903,9.776474301414596e-05,0.039092749230506985
212,0.35,100,0.0012469569305685315,7.838583844861437e-05,0.06286170478468371
213,0.35,100,0.0037931033969458646,0.0002936415982980284,0.07741460423527159
214,0.35,100,0.0023205813390366386,4.706024248452896e-05,0.020279505696648173
215,0.35,100,0.00143912451280057,5.030048118902292e-05,0.03495213981946358
216,0.35,100,0.0023922971353192,4.7461898500865444e-05,0.019839466343938367
217,0.35,100,0.0024200220885997534,0.00021099353326601935,0.08718661464288621
218,0.35,100,0.00218038954316109,1.623179999370246e-05,0.007444449568479348
219,0.35,100,0.0019055073749821919,5.938933685401314e-05,0.03116720388162663
220,0.35,100,0.00314211578443592,0.0001922103488642452,0.061172268003723884
221,0.35,100,0.001242656611662357,5.797581921077336e-05,0.04665473845845195
222,0.35,100,0.0023861985675159452,8.975874848442016e-05,0.03761579178964131
223,0.35,100,0.002418601376994204,0.0001481507689398832,0.061254727773289545
224,0.35,100,0.002700129558789777,0.00016116857788898333,0.05968920171416537
225,0.35,100,0.002216815219286312,4.404301904360572e-05,0.019867699689370168
226,0.35,100,0.0013828556897465605,0.0001305552168695382,0.0944098634713398
227,0.35,100,0.0025623752811133648,8.815924990159388e-05,0.034405284249888736
228,0.35,100,0.003432075397756443,0.00015449400814183926,0.04501474770712567
229,0.35,100,0.0018967630303796956,7.634288247529867e-05,0.040249035463336864
230,0.35,100,0.003205215484604216,0.0003186763209781273,0.09942430470239597
231,0.35,100,0.003175948140898942,0.00024623283686724346,0.07753049670311936
232,0.35,100,0.0018778442756248982,0.00012875754363331936,0.06856667792140121
233,0.35,100,0.0013752078067634102,0.00014382620228251965,0.10458506821672181
234,0.35,100,0.0016290024526946956,6.931762739193013e-05,0.04255219338513881
235,0.35,100,0.0016410264790150126,0.00011632847731332911,0.0708876296640579
236,0.35,100,0.0037244630762741132,0.00018239071110977284,0.04897100800157033
237,0.35,100,0.0017048356608334412,7.510885628787093e-05,0.04405636156810126
238,0.35,100,0.00286408296942218,0.00011720877778109378,0.04092366702796333
239,0.35,100,0.0035617228859393165,0.00012011311907845296,0.03372331956330064
240,0.35,100,0.003101749584909091,0.0002114906290675165,0.06818430156208598
241,0.35,100,0.0026398174721018954,0.00014845918876592697,0.05623842948797504
242,0.35,100,0.001404513138968915,2.39053002910751e-05,0.0170203465014393
243,0.35,100,0.0024425003301547757,9.921968323943859e-05,0.040622178025724674
244,0.35,100,0.0019280350695413148,6.960226890161421e-05,0.03610010523209663
245,0.35,100,0.0028924420808213408,0.0001222117703064783,0.042252106314182414
246,0.35,100,0.003497303063567302,0.00030340825640496884,0.08675492254751518
247,0.35,100,0.0033625871172061803,0.00029296749782076897,0.0871256231018283
248,0.35,100,0.00339742652641345,0.00012338073188959792,0.036315938234533905
249,0.35,100,0.002129152590325801,9.008662582304969e-05,0.04231102375300622
250,0.35,100,0.0030872233014907443,0.00016097377367194405,0.05214192753540496
251,0.35,100,0.0031141268908745435,0.00021947132063229356,0.07047603656595355
252,0.35,100,0.002572956897479834,0.00019947087349824494,0.07752592890056695
253,0.35,100,0.003230027880956931,0.00024990233454223103,0.0773684759860942
254,0.35,100,0.0029691494967385335,9.824703001508686e-05,0.033089283689826485
255,0.35,100,0.0023472004829184004,6.685143875546984e-05,0.028481350119845688
256,0.35,100,0.0019165755463056917,9.789630305234116e-05,0.05107876036561243
257,0.35,100,0.003836979212866767,0.00036333088811514054,0.09469190943145113
258,0.35,100,0.003214350529938974,0.00015958635357700223,0.049648086632303925
259,0.35,100,0.0018347455509280441,0.00010330173517519827,0.056303030751564745
260,0.35,100,0.0034890020919664927,0.00030772900659317145,0.0881997197140479
261,0.35,100,0.0038411767482779352,0.00022020678423997344,0.05732794887366115
262,0.35,100,0.003359405623674337,0.00024208195112645055,0.07206094715697782
263,0.35,100,0.0024952761437696744,0.00020942952826891355,0.08393040136733054
264,0.35,100,0.003565412718953417,0.0001863100532270901,0.052254834969506454
265,0.35,100,0.0024367457861433008,0.0003481970867394296,0.14289430137500309
266,0.35,100,0.004202080446622148,0.0002872672719404353,0.06836310622547832
267,0.35,100,0.0028139053304256484,9.061408295290478e-05,0.03220225000931284
268,0.35,100,0.0027925665865247465,0.00012772441473336602,0.045737285316557005
269,0.35,100,0.003221472500507318,0.00019989629979602592,0.06205122029275315
270,0.35,100,0.0028946919919636827,0.0001363449495623355,0.0471017123551866
271,0.35,100,0.0018349678664700837,7.842801779807814e-05,0.04274081264918804
272,0.35,100,0.002443883063233006,0.00010662468654002863,0.043629209655790625
273,0.35,100,0.0021552540037704966,5.2551208950854996e-05,0.02438283787382814
274,0.35,100,0.0017622898220281055,2.4005428073184723e-05,0.013621725424004564
275,0.35,100,0.001816216850001806,0.00010121554560347246,0.055728777983406454
276,0.35,100,0.0029735086910439618,0.00015574299513364308,0.05237684207977333
277,0.35,100,0.0031960112951664077,0.00014760257967027778,0.04618337234712198
278,0.35,100,0.0015139965381082603,5.7145896503514006e-05,0.03774506418285331
279,0.35,100,0.001978221702884615,7.463785597196612e-05,0.03772977309021038
280,0.35,100,0.0038142017294026703,0.0001527121778294822,0.04003778212679851
281,0.35,100,0.0017581023679157889,2.162787095419084e-05,0.012301826872476399
282,0.35,100,0.003162224807051543,0.00011059578943912581,0.03497404396819127
283,0.35,100,0.0018561294221307797,0.00011646341128666903,0.06274530746512956
284,0.35,100,0.0015244763307305134,4.7223015820052975e-05,0.030976549040564107
285,0.35,100,0.002576670737840858,7.014081386000774e-05,0.027221488888713348
286,0.35,100,0.003749678506694106,0.0003507375440057906,0.0935380308950853
287,0.35,100,0.0024048448923018285,0.00011839907742047223,0.04923356088348177
288,0.35,100,0.003153468986280076,0.00013999589994581513,0.044394252981367795
289,0.35,100,0.0010972018499929485,4.4411344961242865e-05,0.040476914035032195
290,0.35,100,0.003121635862365833,0.00028537983215068006,0.09141996207539585
291,0.35,100,0.0017607380608219117,2.5142257635693213e-05,0.014279385557188908
292,0.35,100,0.0030433849771991455,0.000259459774231191,0.08525368173104875
293,0.35,100,0.002445996652975656,3.142968364712552e-05,0.012849438534141088
294,0.35,100,0.003591303311425556,0.00029685509829533547,0.08265943379132179
295,0.35,100,0.0031466520604513898,0.00027101302823290187,0.08612742147094103
296,0.35,100,0.002992169013347758,6.19721305938103e-05,0.020711440536065644
297,0.35,100,0.0021987653567067627,5.3179641563301305e-05,0.02418613764360559
298,0.35,100,0.002226354037758907,0.00023754419886830508,0.1066965068625931
299,0.35,100,0.0030339360818535366,5.7527489240595756e-05,0.018961338567637265
300,0.35,100,0.0033686535030421796,0.00032613275374281716,0.0968139802589645
301,0.35,100,0.0020473843447970995,2.0754603648089978e-05,0.010137131164860405
302,0.35,100,0.0032819942984130554,0.00020407805594573067,0.06218111227201359
303,0.35,100,0.002292691090723933,4.011921237804556e-05,0.01749874308857616
304,0.35,100,0.0017346712673973173,0.00011046495331833339,0.063680626637734
305,0.35,100,0.0027925291159720386,2.853092242000464e-05,0.010216875540104598
306,0.35,100,0.0034512175901274854,0.0002311872811110046,0.06698716469582688
307,0.35,100,0.003615156335032672,0.0001659171655365286,0.04589487982268106
308,0.35,100,0.002743879168274174,9.199963387890921e-05,0.03352903981437874
309,0.35,100,0.0022238025763587905,8.20707135874292e-05,0.03690557536892961
310,0.35,100,0.003247317761086609,7.027547467240368e-05,0.021641083454945993
311,0.35,100,0.003439157253832623,0.00024234096670124687,0.07046521831218397
312,0.35,100,0.0031876877832615566,0.0001724810711919165,0.0541085209466275
313,0.35,100,0.0015190367886188689,2.7246246348866135e-05,0.017936528300699573
314,0.35,100,0.0025812860356388225,7.240626366230581e-05,0.028050461151000086
315,0.35,100,0.0033930146800723376,0.00036510299664609195,0.1076043079891149
316,0.35,100,0.0024411826518809863,3.844799832380704e-05,0.015749742566039452
317,0.35,100,0.0025634824091112563,9.948091891751199e-05,0.03880694424269578
318,0.35,100,0.001895234520640958,5.8080039701725075e-05,0.030645304878724307
319,0.35,100,0.002511635916815756,0.0001620819886725763,0.06453243783759205
320,0.35,100,0.0015904293425740602,0.00010849989839347762,0.06822050844325717
321,0.35,100,0.0036366796404875366,0.00024762638691233564,0.06809133918629649
322,0.35,100,0.0028705539056361113,4.993793453440239e-05,0.0173966196685431
323,0.35,100,0.0023504128526474614,6.400422952799896e-05,0.027231058346156415
324,0.35,100,0.0015371383489437384,7.052910960941397e-05,0.04588338431467722
325,0.35,100,0.0014361744525234618,9.662085579418124e-05,0.06727654542553062
326,0.35,100,0.002379703395002641,0.0001689785262658738,0.07100823010999077
327,0.35,100,0.0037212540983795764,0.0003122004626274018,0.08389657206245331
328,0.35,100,0.0023739370962413795,5.1566399960011915e-05,0.021721889784550846
329,0.35,100,0.0031866128218029526,0.00019516874240947397,0.06124645613490299
330,0.35,100,0.0024422468218831712,8.90141969774481e-05,0.03644766621451099
331,0.35,100,0.0023110279086376853,2.610680785110559e-05,0.011296621626043082
332,0.35,100,0.0016992794977158487,2.9659309792378194e-05,0.01745405027968965
333,0.35,100,0.0019701899565504315,8.19949361301389e-05,0.041617782010066835
334,0.35,100,0.0031979441821951915,0.0002080029011729901,0.06504269284344073
335,0.35,100,0.0027848185707733683,0.00014583870248654942,0.05236919346097608
336,0.35,100,0.0033160471955625574,0.00014349074399863643,0.043271622970460666
337,0.35,100,0.0028915354354932827,0.00015611718748026473,0.053991102984228816
338,0.35,100,0.002429717909678332,9.152035875298639e-05,0.03766707171578724
339,0.35,100,0.0019424511645838656,7.55318961533149e-05,0.03888483660771787
340,0.35,100,0.002456570038256442,0.0001221776718763221,0.049735065548156765
341,0.35,100,0.003172778306596333,0.00010216145085307331,0.03219936629063416
342,0.35,100,0.0035192042976987742,0.0001390352141092542,0.039507571129124286
343,0.35,100,0.0035567426320249236,0.00016858460821068694,0.047398596314715186
344,0.35,100,0.0018517720982562092,8.98079502497335e-05,0.04849838181183556
345,0.35,100,0.0045817746111441226,0.00044888781323153666,0.09797247820521755
346,0.35,100,0.0032405073489542896,9.38435712366434e-05,0.028959530447269833
347,0.35,100,0.0027752732169994496,0.00010430057406702623,0.03758209225244972
348,0.35,100,0.0037455280808138714,0.00021713600742681005,0.057972067687616494
349,0.35,100,0.00285774187767949,0.00020733988658473799,0.07255374888970018
350,0.35,100,0.0035659205620673117,0.00027857620337032795,0.07812181974374263
351,0.35,100,0.0034551628908875247,0.00026546106092397077,0.07683025932701598
352,0.35,100,0.001843892076307001,6.497277443897451e-05,0.03523675559640335
353,0.35,100,0.0016457935701761465,3.35184679822644e-05,0.020366143476108593
354,0.35,100,0.002326683062084281,0.0001003154347967973,0.043115212566568084
355,0.35,100,0.003456832822240117,0.00021333756685870957,0.06171474810299368
356,0.35,100,0.0032434360529026234,0.0002669639405457813,0.08230898842814222
357,0.35,100,0.0023553144205761254,0.00010575602532704594,0.0449010223022272
358,0.35,100,0.0016639029759160566,4.226961812779503e-05,0.025403895984093434
359,0.35,100,0.0035638040065652035,0.00017060101909794262,0.04787048299616453
360,0.35,100,0.0025835135619045524,0.0001775518495100598,0.06872495353930697
361,0.35,100,0.0026454821221153792,0.00011252621800096984,0.042535240385972325
362,0.35,100,0.0018283387614754446,7.234154554570746e-05,0.03956681719493209
363,0.35,100,0.0037226709697869577,0.0003395821291366818,0.09122002236907753
364,0.35,100,0.0028687651397838144,0.0004487898903556374,0.15644009477522358
365,0.35,100,0.0035479034862404774,0.0001251043780396707,0.035261494154182046
366,0.35,100,0.002416256191966303,0.000147063412639673,0.060864163795477176
367,0.35,100,0.001969385066241552,0.00014632726109590151,0.07430099049910942
368,0.35,100,0.0029176942459203958,0.00010223135782902797,0.03503840677342076
369,0.35,100,0.0020132079681114538,0.0001487667133763792,0.0738953529554793
370,0.35,100,0.0015744814614271107,9.75095753439021e-05,0.061931231159444315
371,0.35,100,0.002184349619862092,0.00015712234078478127,0.07193094885364602
372,0.35,100,0.001503724398920252,4.566876870534576e-05,0.030370438052437124
373,0.35,100,0.0034644991923986346,0.00026724542411885884,0.07713825556813952
374,0.35,100,0.003561622347950151,0.00042332947554421204,0.11885860829345207
375,0.35,100,0.002569240329194306,2.0193731974163286e-05,0.007859806552427849
376,0.35,100,0.002226130228477698,0.00012694270088841909,0.05702393295078102
377,0.35,100,0.002992175565855766,0.00011249551702311768,0.03759656295132663
378,0.35,100,0.003170821292047644,5.320653706711788e-05,0.016780049131295667
379,0.35,100,0.0033304208082628553,0.00013240824652417925,0.039757212120363636
380,0.35,100,0.003010310173755562,9.034749404086134e-05,0.030012686011072022
381,0.35,100,0.0019563080722103956,0.00019632760144763114,0.10035617816870954
382,0.35,100,0.002303033839139351,2.9879196394281378e-05,0.012973841672012647
383,0.35,100,0.0020841599383211065,0.00011842198398977484,0.056820007818195364
384,0.35,100,0.0031745553033995164,0.00037922775959681887,0.11945854563967356
385,0.35,100,0.0022171149639557746,7.654784121768916e-05,0.03452587820755698
386,0.35,100,0.003249219048078477,9.020544856701243e-05,0.027762193694007214
387,0.35,100,0.002286180141576568,0.00013922380814230146,0.06089800432186924
388,0.35,100,0.001997644120098838,7.112693499023753e-05,0.035605408528280987
389,0.35,100,0.0035000171520882723,0.00012681017269025938,0.036231300356513556
390,0.35,100,0.0034166960392768174,0.00020773493148060134,0.060799945061712546
391,0.35,100,0.0024941036402801203,0.00024005086021477296,0.09624734767951028
392,0.35,100,0.0012930734368075888,5.696101475559587e-05,0.04405087378194418
393,0.35,100,0.0019103443776483466,5.081198678725123e-05,0.026598338698387618
394,0.35,100,0.0027191108862170926,4.521965996848328e-05,0.01663031110562549
395,0.35,100,0.003692300516765091,0.0002459343830509489,0.06660735818611471
396,0.35,100,0.0024037449169216738,7.951035802542528e-05,0.03307770199146141
397,0.35,100,0.0031781525185442965,0.0002203482468326121,0.06933218136854527
398,0.35,100,0.003511430313235936,0.00015676268416651618,0.04464354128732589
399,0.35,100,0.0038648214308723257,0.00036360720451837603,0.09408124308509296
400,0.35,100,0.0029871580394905386,0.00030534057618036224,0.10221775083330986
401,0.35,100,0.0017192582009910133,3.816348203951422e-05,0.02219764431980959
402,0.35,100,0.002043518747153912,7.699538929283331e-05,0.037677848270326754
403,0.35,100,0.0031913277149062023,0.00015726184841484541,0.04927787506131051
404,0.35,100,0.002622444010832482,5.2833933242617395e-05,0.02014682983673902
405,0.35,100,0.0018328817661948356,6.598740961934146e-05,0.036002000148833924
406,0.35,100,0.0017370126585899807,4.770661666615211e-05,0.027464748993181163
407,0.35,100,0.0029424985972893035,0.0001982656449488953,0.06738003040393702
408,0.35,100,0.0016499196928309652,8.544540747767315e-05,0.05178761599666964
409,0.35,100,0.0019524267418187487,2.0683608047524716e-05,0.010593794688684332
410,0.35,100,0.0034620724561498966,0.00018098290322942544,0.05227588547661218
411,0.35,100,0.003376480727315758,0.00033764655259008755,0.09999954978523172
412,0.35,100,0.0025958693926320304,0.0001779856919993377,0.06856496420987986
413,0.35,100,0.0034367995601188007,8.854122855498489e-05,0.02576269782574235
414,0.35,100,0.002344511743473494,0.00015083953508053893,0.0643372913360049
415,0.35,100,0.003880678346412835,0.0004423208225189641,0.11398028463962497
416,0.35,100,0.0032730501212444303,0.00017479294041471816,0.05340368584036868
417,0.35,100,0.0031469291167874405,0.00028317066316667973,0.08998317173910673
418,0.35,100,0.0014881715482300288,5.7516732933059604e-05,0.03864926258096231
419,0.35,100,0.0013421453769187303,2.055620286332181e-05,0.015315928674220313
420,0.35,100,0.0032687036388709604,0.0003908402301547528,0.11957040874153782
421,0.35,100,0.0011521110423707859,0.00015776912079815532,0.13693916210845605
422,0.35,100,0.0024674539143090548,0.0001098226642847016,0.044508496652288856
423,0.35,100,0.0027418841207940956,0.00016082355672802833,0.05865439589819395
424,0.35,100,0.0025318881870262646,6.229506424252214e-05,0.024604192460682274
425,0.35,100,0.003032923734227423,0.00015145343731478526,0.04993644766124164
426,0.35,100,0.0034468816978361436,0.00024392139250230689,0.07076581498443475
427,0.35,100,0.0026338584637263305,6.772635393685462e-05,0.025713740836717826
428,0.35,100,0.0014083230827939448,3.5069994576021617e-05,0.02490195254518369
429,0.35,100,0.0022729047363530073,0.0002743305405073493,0.12069601339628813
430,0.35,100,0.0017494844650832071,4.7101594937493044e-05,0.0269231284287242
431,0.35,100,0.001820499152682394,0.00015979851875691257,0.08777731015225096
432,0.35,100,0.0021438496925043978,9.048842816467137e-05,0.04220838264970189
433,0.35,100,0.0033718724877572297,0.00015268481443669041,0.04528190641581685
434,0.35,100,0.001836451472157207,4.5758435730767194e-05,0.02491676824817841
435,0.35,100,0.0034525468530898903,0.00028272078606498825,0.08188760300586928
436,0.35,100,0.0025692511021927866,0.00011058708788876825,0.04304253787976782
437,0.35,100,0.0016335525034924664,0.00011386351581042644,0.06970300346452964
438,0.35,100,0.002450799344427737,8.230027619421266e-05,0.03358099323036576
439,0.35,100,0.0029134303835946724,0.0002177126207659822,0.07472724318106487
440,0.35,100,0.002182947149870235,9.30400000005014e-05,0.04262127922154788
441,0.35,100,0.0013807806332128225,6.651150710504516e-05,0.04816949593961578
442,0.35,100,0.0023413693392734997,6.01917972938048e-05,0.0257079463219082
443,0.35,100,0.0032060288156134592,0.00023880260531865298,0.07448548314839747
444,0.35,100,0.0023450806867657634,5.2391028770335154e-05,0.022340821390922225
445,0.35,100,0.0036356335769424214,0.00026014358888843076,0.0715538525494674
446,0.35,100,0.0021240586602428824,5.0227500583719176e-05,0.02364694606785283
447,0.35,100,0.0014888967911808246,4.315311848230469e-05,0.028983283957567343
448,0.35,100,0.0016045963127070922,4.199159255696553e-05,0.02616956814896458
449,0.35,100,0.003446439007632403,0.00020515805738753926,0.05952754623923448
450,0.35,100,0.0018891595464794924,0.00015898956290806356,0.0841588860000446
451,0.35,100,0.003697884544257335,0.00024684615088378897,0.06675334179027602
452,0.35,100,0.003098265397241818,0.00019169838877585935,0.0618728108142433
453,0.35,100,0.001318977707275736,0.00013701705112578296,0.10388124861396096
454,0.35,100,0.0036098241178319722,0.00021335915290635228,0.05910513807373359
455,0.35,100,0.0017305759288258208,2.6049487540093082e-05,0.015052496169738944
456,0.35,100,0.003154385812693283,0.00021059381594380132,0.06676222518385973
457,0.35,100,0.0019751743364782087,0.000121957359621301,0.061745111491654146
458,0.35,100,0.003274828604084088,0.00019059248831220597,0.05819922547229349
459,0.35,100,0.0015993277749356335,1.0423331192986403e-05,0.006517320186855319
460,0.35,100,0.0032194454886306685,0.00024246959838470443,0.07531408723675405
461,0.35,100,0.0018965108540884236,4.261036363735119e-05,0.022467766817940136
462,0.35,100,0.0032811627944910673,0.00017006398423449702,0.05183040125897661
463,0.35,100,0.003329481561153318,0.00022016293429988592,0.06612529015587112
464,0.35,100,0.0033063745586359773,0.00016004513106215764,0.04840502133798876
465,0.35,100,0.0024962029515104176,6.700411388128256e-05,0.026842414332031498
466,0.35,100,0.0022178907809086526,0.0001436915504583368,0.06478747812796602
467,0.35,100,0.0019570134218465547,5.03393503101714e-05,0.02572253708034017
468,0.35,100,0.0015374898397899491,2.559900178775222e-05,0.016649867287090198
469,0.35,100,0.0030242026140328434,0.00010619193402917986,0.03511402759075408
470,0.35,100,0.0013908128372427332,4.8418535061212435e-05,0.03481312061887601
471,0.35,100,0.0029711873337665245,0.0001770858382031525,0.059601034303906966
472,0.35,100,0.0031021632299424147,9.207709946851415e-05,0.0296815778679136
473,0.35,100,0.0032274917336712295,0.00012042000116730287,0.03731070785124109
474,0.35,100,0.0030631837903369787,0.00017856671803033,0.05829448386140944
475,0.35,100,0.0015385521373754805,0.00010207609841860221,0.06634555692907972
476,0.35,100,0.003056587656806726,0.00012482953857755988,0.04083950882271494
477,0.35,100,0.0026687637363408062,0.00012864908849118985,0.04820549932516061
478,0.35,100,0.0029182749558101405,0.00022693120586986652,0.07776210580091426
479,0.35,100,0.0035525899252413272,0.00012971834201164816,0.03651373919911018
480,0.35,100,0.0035126675766378795,0.00017951451607596395,0.05110489739190885
481,0.35,100,0.0015044612773399003,0.00017414462183745896,0.11575214627349613
482,0.35,100,0.0031006020792958594,0.00025908159719996497,0.08355848011906188
483,0.35,100,0.002745945313047057,0.00010840344858493883,0.03947764293406419
484,0.35,100,0.002205995408482628,0.00010482654638844437,0.0475189322631221
485,0.35,100,0.0018325248446458974,7.968445147987075e-05,0.043483422182616215
486,0.35,100,0.002235012573606223,6.436357897550226e-05,0.02879785990270773
487,0.35,100,0.002244917790528175,0.00010230045782504494,0.04556980137832847
488,0.35,100,0.0021531850539322672,7.532897144942831e-05,0.03498490355571544
489,0.35,100,0.003271812930679596,5.761968919810278e-05,0.017610936327626305
490,0.35,100,0.0018614064078844531,0.0001272053087424326,0.0683382780910298
491,0.35,100,0.002861283810775843,0.00023622804553966536,0.08256015871267648
492,0.35,100,0.002045123897607988,6.638570815216055e-05,0.03246048233547435
493,0.35,100,0.0035227837802976783,0.0001543091551829763,0.043803186572505745
494,0.35,100,0.0032055434411117243,0.00013197592496035958,0.0411711547152169
495,0.35,100,0.0033231692278803244,0.0003084002168745302,0.0928030430370958
496,0.35,100,0.0019487086426843274,0.00012806523497512973,0.06571800020280154
497,0.35,100,0.0018659088247918924,4.035267801989683e-05,0.021626286067004064
498,0.35,100,0.0040403390843844365,0.00015737400290964852,0.038950691915410146
499,0.35,100,0.0022003670225192234,0.0001798722086598951,0.08174645721328687
